Policy_year,Lapse_rate
1,0.009857051
2,0.009924327
3,0.009944766
4,0.010016
5,0.009847124
6,0.009756671
7,0.010262026
8,0.009952662
9,0.01000253
10,0.010208184
11,0.009950781
12,0.010001506
13,0.009879431
14,0.009973721
15,0.010146913
16,0.009958424
17,0.009936429
18,0.009845924
19,0.009838147
20,0.989939638