,worst_case,middle_case,best_case,original
FNS,0.510131,0.478185,0.432827,0.52846576
FS,4.639685,3.626431,2.14167,4.98076474
MNS,0.844293,0.79142,0.71635,0.8746374
MS,4.061259,3.174327,1.87467,4.35981729